loss,accuracy,0-1-loss
0.16003379225730896,0.9459459185600281,32.0
0.22217902541160583,0.9138513803482056,51.0
0.1377178430557251,0.9527027010917664,28.0
0.10873506963253021,0.9645270109176636,21.0
0.16878627240657806,0.9358108043670654,38.0
