loss,accuracy,0-1-loss,test_size,0-1-scaled-loss
0.17034687101840973,0.9248310923576355,89.0,1184,0.07516891891891891
0.17288877069950104,0.931587815284729,81.0,1184,0.06841216216216216
0.17184115946292877,0.9323753118515015,80.0,1183,0.0676246830092984
0.1782994419336319,0.9264581799507141,87.0,1183,0.073541842772612
0.18679603934288025,0.920540988445282,94.0,1183,0.07945900253592561
