epoch,accuracy,loss,val_accuracy,val_loss
0,0.6827619671821594,0.6041467189788818,0.7326565384864807,0.5439172983169556
