epoch,accuracy,loss,total_0-1_loss,val_accuracy,val_loss,val_total_0-1_loss
0,0.9625874757766724,0.10429181903600693,155.0,0.9949238300323486,0.033658068627119064,3.0
1,0.9790007472038269,0.057649992406368256,87.0,0.9932318329811096,0.029175303876399994,4.0
2,0.9806903004646301,0.05390946939587593,80.0,0.989847719669342,0.03264210745692253,6.0
3,0.981173038482666,0.0485709011554718,78.0,0.989847719669342,0.03427540510892868,6.0
4,0.9838281273841858,0.05012550204992294,67.0,0.9949238300323486,0.02919538877904415,3.0
5,0.9833453893661499,0.047195617109537125,69.0,0.9881556630134583,0.035824425518512726,7.0
