epoch,accuracy,loss,total_0-1_loss,val_accuracy,val_loss,val_total_0-1_loss
0,0.9635441899299622,0.10734590142965317,151.0,0.9847715497016907,0.046088915318250656,9.0
1,0.9802027940750122,0.059823617339134216,82.0,0.9847715497016907,0.04596439376473427,9.0
2,0.9792370796203613,0.061236556619405746,86.0,0.9847715497016907,0.051823295652866364,9.0
3,0.9809271097183228,0.052580252289772034,79.0,0.9864636063575745,0.04179668053984642,8.0
4,0.9799613952636719,0.05070631578564644,83.0,0.9881556630134583,0.04151652008295059,7.0
5,0.98334139585495,0.04837797209620476,69.0,0.9847715497016907,0.05191855877637863,9.0
