epoch,accuracy,loss,total_0-1_loss,val_accuracy,val_loss,val_total_0-1_loss
0,0.959691047668457,0.10422687977552414,167.0,0.9915397763252258,0.031066175550222397,5.0
1,0.9741733074188232,0.06435579061508179,107.0,0.9932318329811096,0.026592126116156578,4.0
2,0.9814144372940063,0.05307885259389877,77.0,0.9915397763252258,0.026064326986670494,5.0
3,0.9816557765007019,0.05417400598526001,76.0,0.9881556630134583,0.02741803415119648,7.0
4,0.9833453893661499,0.04550178721547127,69.0,0.9949238300323486,0.023621801286935806,3.0
5,0.9809316992759705,0.05016425997018814,79.0,0.9949238300323486,0.024627748876810074,3.0
