loss,accuracy,0-1-loss,test_size,0-1-scaled-loss
0.018905356526374817,0.9983108043670654,2.0,1184,0.0016891891891891893
0.0252210795879364,0.9915540814399719,10.0,1184,0.008445945945945946
0.023067843168973923,0.9932375550270081,8.0,1183,0.006762468300929839
0.01611793041229248,0.9974640607833862,3.0,1183,0.00253592561284869
0.02245251089334488,0.9940828680992126,7.0,1183,0.005917159763313609
