epoch,accuracy,loss,total_0-1_loss,val_accuracy,val_loss,val_total_0-1_loss
0,0.9727184772491455,0.096162810921669,113.0,0.9949238300323486,0.033745646476745605,3.0
1,0.98334139585495,0.04836861789226532,69.0,0.9932318329811096,0.02468779683113098,4.0
2,0.9888942837715149,0.040052998811006546,46.0,0.9966158866882324,0.021072082221508026,2.0
3,0.9884113669395447,0.03707677125930786,48.0,0.9966158866882324,0.01922607421875,2.0
4,0.9893771409988403,0.03339998424053192,44.0,0.9966158866882324,0.017982859164476395,2.0
5,0.9901013970375061,0.032905030995607376,41.0,0.9966158866882324,0.017603931948542595,2.0
6,0.9913085699081421,0.028364628553390503,36.0,0.9966158866882324,0.017937391996383667,2.0
7,0.9905842542648315,0.02691139467060566,39.0,0.9966158866882324,0.016447337344288826,2.0
