epoch,accuracy,loss,val_accuracy,val_loss
0,0.9849445223808289,0.10903195291757584,0.9926082491874695,0.04386337846517563
1,0.9944532513618469,0.031382277607917786,0.9968320727348328,0.032584935426712036
2,0.995245635509491,0.021026263013482094,0.9947201609611511,0.026181351393461227
3,0.9965662956237793,0.015756569802761078,0.9968320727348328,0.025402341037988663
4,0.9976228475570679,0.012387387454509735,0.9957761168479919,0.022905128076672554
